video_id,start_time,duration,suffix,has_flip
ciAuN83h20Y,0:00,1:00,,N
PshQsgD3z3Y,0:00,1:00,,N
hWbFXcBAmkQ,0:00,1:00,,N
M_3VymkJTXI,0:00,1:00,,N
bU4euI__ub8,0:00,1:00,,N
VS5z608-p24,0:00,1:00,,N
20GFOCiFuO4,0:00,1:00,,N
Cw9GWgngCM8,0:00,1:00,,N
7JZV6mBAg-8,0:00,1:00,,N
oAKLT3-Tptk,0:00,1:00,,N
DpQLQA4E97k,0:00,1:00,,N
h6nPlpeQQr8,0:00,1:00,,N
slqqjS63684,0:01,1:00,,N
UVT1orm3sk0,0:00,1:00,,N
d6brIgBkDCk,0:00,1:00,,N
5SnhhcIeDwI,0:00,1:00,,N
KS_TFgdh_8A,0:00,1:00,,N
9xtSMHFExQM,0:00,1:00,,N
CKVqDbn-VK8,0:00,1:00,,N
_WLtCuut8R0,0:00,1:00,,N
1Rr1xotM9Ns,0:00,1:00,,N
BQRIRAYPWVM,0:00,1:00,,N
TR2xfcxJSlM,0:00,1:00,,N
tW2pvitgt9w,0:00,1:00,,N
Iun_FkxRJNY,0:00,1:00,,N
ik6N1TLL2TI,0:00,1:00,,N
cVJYwN0ltzc,0:00,1:00,,N
234oUB8Wdkc,0:00,1:00,,N
zphUDqH28Fc,0:00,1:00,,N
yo6bniN90Gw,0:00,1:00,,N
jBQpxyoY_T0,0:00,1:00,,N
e__cAeMTfMA,0:00,1:00,,N
CdyzLWbC8pE,0:00,1:00,,N
ilJMD2cKWjU,0:00,1:00,,N
iDnA3F0vMpA,0:52,1:00,,N
Vk29MPzKziA,0:00,1:00,,N
pYNBgNNHEoM,0:00,1:00,,N
ilBOebyimI0,0:00,1:00,,N
jgsF5pz3lgE,0:00,1:00,,N
8Uv4OcYHCa8,0:00,1:00,,N
SCoRs_YoZT8,0:00,1:00,,N
6no4tJnqlRM,0:00,1:00,,N
SsvSv_-uWvE,0:00,1:00,,N
TAYj-wbTsOU,0:00,1:00,,N
Al61MrLYaDk,0:00,1:00,,N
Gs-GSc43SHY,0:00,1:00,,N
12BmIWgApvw,0:00,1:00,,N
rY5JremiZW8,0:00,1:00,,N
uSu39tipE-4,0:00,1:00,,N
ZkkUQ-vcRyI,0:00,1:00,,N
dPcFWszg2Hw,0:00,1:00,,N
ScDaMrgD9Lw,0:00,1:00,,N
ebetdixKA34,0:00,1:00,,N
0Hi8jgH-6Mc,0:00,1:00,,N
SL_GmRnuVDE,0:00,1:00,,N
CebQQgSbjl0,0:00,1:00,,N
lTE0WpMgQoI,0:00,1:00,,N
PLW9TFe8gCA,0:00,1:00,,N
Hu0LAj1ZqtY,0:00,1:00,,N
lOZRRGoO-5U,0:00,1:00,,N
m64DhAVXjVI,0:00,1:00,,N
xrAmW4uC6Ig,0:00,1:00,,N
IoFygrXe4xA,0:00,1:00,,N
ZIKfH99Tbss,0:00,1:00,,N
7MOHR1la1AE,0:00,1:00,,N
doYccVcolfE,0:00,1:00,,N
wZKe9jHiGgQ,0:00,1:00,,N
C_N8nQ3ilT0,0:00,1:00,,N
J9pbbpxbXUs,0:00,1:00,,N
x2xltq2DtcQ,0:00,1:00,,N
bKddangSPag,0:00,1:00,,N
7ZlHcLAuVZs,0:00,1:00,,N
CbH-KXOrO9Q,0:00,1:00,,N
yEmp5KjTDJ0,0:00,1:00,,N
y9PPaEnSBWo,0:00,1:00,,N
yzUFp1IkXlQ,0:00,1:00,,N
qNoaKYe05rQ,0:00,1:00,,N
Nxmf5uaosPo,0:00,1:00,,N
UrEYzkobSMQ,0:00,1:00,,N
9RfAKeqDC5Y,0:00,1:00,,N
bWbF3eLRpnw,0:00,1:00,,N
xamdjPQOcGE,0:00,1:00,,N
11BJ6l9KTXs,0:00,1:00,,N
6WEFOYKWAZ0,0:00,1:00,,N
jSZJjTeP0mU,0:00,1:00,,N
_WPwXJDSoV8,0:00,1:00,,N
2XGCqoR9T7Q,0:00,1:00,,N
GdYXv-BqXL8,0:00,1:00,,N
Vy3kihOIMmI,1:15,1:00,,N
ZMPgSg4u_x4,0:00,1:00,,N
UoBnhV8ghCA,0:00,1:00,,N
ObUak2NCH1c,0:00,1:00,,N
UQy7TZxtd2Q,0:00,1:00,,N
zJN8Afbq1ac,0:00,1:00,,N
5ilcC3RvYhs,0:00,1:00,,N
Wnv9rtBbmxg,0:00,1:00,,N
aLhkO7LAq_s,0:00,1:00,,N
8ldTzGP06nc,0:00,1:00,,N
iLj-CXtm0vQ,0:00,1:00,,N
p3jm013f00E,0:00,1:00,,N
n4RCZpJfKi8,0:13,1:00,,N
4qaTRCjmoGo,2:15,1:00,,N
3gA8rPrqem8,0:00,1:00,,N
1936stDKUA4,0:00,1:00,,N
U_JZ0jpXCoU,0:00,1:00,,N
MvPoFmt2jKw,0:00,1:00,,N
MDU0cEh-SZI,0:00,1:00,,N
yoyRm5FsLag,0:00,1:00,,N
9cZpAn479hc,0:00,1:00,,N
JzFlBvJB73Y,0:00,1:00,,N
DVSOxxVWCb0,1:40,1:00,,N
iBhNWa2yw_A,0:02,1:00,,N
tu_amVApzF0,0:26,1:00,,N
xaKWzwxi4vw,0:00,1:00,,N
-Med892V-KA,0:20,1:00,,N
VIHUgkO1QRk,0:00,1:00,,N
kBy3CNFR4Io,0:19,1:00,,N
uDh6pHaNzDA,0:00,1:00,,N
K4OK9dgV6A8,0:00,1:00,,N
7cNNg5RB2-o,0:09,1:00,,N
wnkOyOTnZhA,0:00,1:00,,N
qlqX8W-Ve68,0:12,1:00,,N
vff8t-JTreQ,0:01,1:00,,N
t6ZvoLAcW3g,0:00,1:00,,N
hoA9Y05cAfg,0:00,1:00,,N
ccIGDco3U3g,0:00,1:00,,N
SUIjHYmVMcI,1:12,1:00,,N
mUQ9P-jkrIM,0:00,1:00,,N
wTIYmaxllxs,0:00,1:00,,N
iUCDnioLONY,0:00,1:00,,N
nUeAm77t-QQ,0:00,1:00,,N
TW0-PNxTt20,0:00,1:00,,N
Bobaggi1uN4,0:00,1:00,,N
Cg6Rryw1zls,0:00,1:00,,N
O4P0OeiIka8,0:02,1:00,,N
Rs_TUI5LfD0,0:00,1:00,,N
pPAfmxxxo88,0:09,1:00,,N
HsfHgfUPinE,0:03,1:00,,N
7Xs_4uDgO_Y,0:00,1:00,,N
b_1i1yIONx0,0:00,1:00,,N
ORl2E2viHOY,0:07,1:00,,N
4rAABSkKmpI,0:20,1:00,,N
zp5NYd4MNfU,0:03,1:00,,N
df9QQ3leJzk,0:00,1:00,,N
di6dl5jBwh4,0:03,1:00,,N
Hu4RJOkzBdA,0:02,1:00,,N
umtf9IdXiic,0:00,1:00,,N
wqq1JyR5WI8,0:00,1:00,,N
mzyLqisrx4E,0:01,1:00,,N
qAEslNv59Wk,0:00,1:00,,N
zNBieYzIbxk,0:00,1:00,,N
iINDBPYVruo,0:00,1:00,,N
QuNhYTQZYTg,0:00,1:00,,N
GWacqLFwi_0,0:00,1:00,,N
2ZrltQLwaCU,0:30,1:00,,N
ndgd3O5iahA,0:03,1:00,,N
zjSsm24Ellg,0:04,1:00,,N
qqoBHhyO0oU,0:00,1:00,,N
I35GB8a0tAk,0:00,1:00,,N
x39n1dKz64E,0:00,1:00,,N
AP8GLI4IrVU,0:00,1:00,,N
kEXMod_dqyE,0:08,1:00,,N
6GV77Iry5D8,0:00,1:00,,N
pwLpevQvgGM,0:00,1:00,,N
IEqvtL7TFZU,0:00,1:00,,N
OlOVHhmU-t0,0:00,1:00,,N
33YgmZeD9hI,0:00,1:00,,N
ibbQmzHf1vw,0:48,1:00,,N
4vlnyK2oKcQ,0:00,1:00,,N
yfMgjrApTsc,0:11,1:00,,N
fkQaSYGEM3g,0:03,1:00,,N
G5Iq0Gt1yQs,0:00,1:00,,N
V4BPCYsxtps,0:19,1:00,,N
x_eAAbjDPm0,0:03,1:00,,N
0ygRY3nsEU0,0:00,1:00,,N
ylPYf9IJR3g,0:00,1:00,,N
KOlUPFI00Uw,0:03,1:00,,N
3feLxLUAc-4,0:00,1:00,,N
U1sInLYc5u8,0:03,1:00,,N
FTEv_J42IaY,0:04,1:00,,N
Nb7B2kDUS6I,0:02,1:00,,N
QG7xk4XZISs,0:00,1:00,,N
B0VZCXsyrmw,0:00,1:00,,N
hM3XT8QOTzw,5:00,1:00,,N
86zgBVt_p0o,0:00,1:00,,N
jZTy4a1Xmpc,0:10,1:00,,N
CESMqFlQ8R8,0:10,1:00,,N
3QzDD1XFaDg,0:00,1:00,,N
nu4yJYfvflg,0:20,1:00,,N
O0KtA465m9w,0:30,1:00,,N
9G7EAFgjQyQ,0:02,1:00,,N
A4Kcsa4Fk8s,0:02,1:00,,N
rZpil58jHFM,0:00,1:00,,N
pq2P-0gsKHU,0:00,1:00,,N
0f2yoVHjIQw,0:00,1:00,,N
xMgnsS5CbPE,0:00,1:00,,N
qwv-0WxuUDc,0:00,1:00,,N
KpFP-drPNsM,0:11,1:00,,N
dZZ1LbnZqPs,0:00,1:00,,N
UVeCoVXaLfk,0:24,1:00,,N
iVsL0FvlQew,0:00,1:00,,N
E-YgofGWtXA,0:00,1:00,,N
PUuQ23OE_Ho,0:00,1:00,,N
FI5SDWwDUaU,1:00,1:00,,N
k-ryU9k0fXE,0:06,1:00,,N
ZiwqH9E4x6c,0:12,1:00,,N
l5yxdvx7wo0,0:00,1:00,,N
ZiyttH8AxF0,3:00,1:00,,N
eNhPgArJMmc,2:00,1:00,,N
qSzxBjvNZFc,3:00,1:00,,N
iDwj0jqgDWg,1:47,1:00,,N
6XyBgorLBfY,0:00,1:00,,N
kh_nqreTX9c,1:45,1:00,,N
reIo-540WdM,0:00,1:00,,N
Aiatuf_sdTU,0:01,1:00,,N
aaUbdnsohao,0:00,1:00,,N
AGpNszFXfD0,3:00,1:00,,N
HIJiqX_qZZ8,1:14,1:00,,N
ax9lKnqJcbE,0:00,1:00,,N
MGse3yYmppI,0:02,1:00,,N
swyAOqdEgew,0:08,1:00,,N
CSdx_Hwddsk,0:00,1:00,,N
PgbsDM-wcGM,2:30,1:00,,N
-4N0dJSBmN4,0:35,1:00,,N
TqKWO1ywhGY,0:02,1:00,,N
oLxNyOwde74,1:20,1:00,,N
cG8rieT1sJQ,0:30,1:00,,N
0PT4-_cKfJ4,1:31,1:00,,N
b6qNHd18iBI,0:00,1:00,,N
CFeT2PbUj18,0:02,1:00,,N
3OkE2sx5NcQ,0:08,1:00,,N
-LrarOhlmOo,0:00,1:00,,N
OfGOL5TAsoc,0:00,1:00,,N
iqDc0Salp54,0:04,1:00,,N
cZApOTv5FSY,0:20,1:00,,N
doJfRXv_S_g,0:03,1:00,,N
Z6I5EfpCdj4,0:00,1:00,,N
hHea5xVVXPQ,0:40,1:00,,N
6vPdG6LNIP0,0:00,1:00,,N
7p8GMgDDIOM,0:00,1:00,,N
7VH3C9yocFU,0:00,1:00,,N
fUhPGjgbnYY,0:03,1:00,,N
_71zeYExFoI,0:00,1:00,,N
45m5Adryza8,0:13,1:00,,N
cexLbgCInZ8,0:02,1:00,,N
TH9jTfzag9Y,0:00,1:00,,N
NEBnHuOeFVw,0:00,1:00,,N
n2pOgKwsMmU,0:00,1:00,,N
SHrJy9OiNH8,1:05,1:00,,N
OFOuPtLcJgk,0:00,1:00,,N
aJOKGrqPZMA,0:00,1:00,,N
ukNqkW7i5kE,1:00,1:00,,N
jhUkypZKL0E,0:00,1:00,,N
iGGyZcpyB8Q,0:03,1:00,,N
lxpA069x2Lw,0:00,1:00,,N
hL4bGEqCAm0,0:02,1:00,,N
cqbmK2jH9qo,0:03,1:00,,N
ZfJTTalwkLA,2:35,1:00,,N
jEdK7OArIGM,0:00,1:00,,N
H-fT30DpuJI,0:00,1:00,,N
n0cn3-X7vVw,0:17,1:00,,N
h15S6GehKGM,0:00,1:00,,N
jnkn4V_xfrU,0:00,1:00,,N
_u6_1LgKDnU,0:00,1:00,,N
Fcxi2vFPmBk,0:00,1:00,,N
WSCtYPvBOns,0:00,1:00,,N
_S0VlQIRBMs,0:00,1:00,,N
Eo-F_zzQtxs,0:03,1:00,,N
SG_rP0lllBw,0:00,1:00,,N
3DOB-kDY0Vg,0:03,1:00,,N
zdiVB-S2a7g,0:00,1:00,,N
eRUJqRBD7pE,0:03,1:00,,N
bjsSXNWGwfw,0:03,1:00,,N
i8la6mUvITM,0:00,1:00,,N
yBNjEotkJY4,0:40,1:00,,N
Yar2WNHdYrE,0:00,1:00,,N
LvWpiUOU7xA,0:00,1:00,,N
mg8H-XTy5UI,0:00,1:00,,N
NaRytqtGvJE,0:00,1:00,,N
ktRUnqUY7Z0,0:00,1:00,,N
-jVUZ_JCjwI,0:00,1:00,,N
Vm5L5A_s9d4,1:30,1:00,,N
RrIUtniaitc,0:00,1:00,,N
snyjQpqRrHk,1:16,1:00,,N
sCHUe5yr0HY,0:00,1:00,,N
VduaPEW-zAY,0:00,1:00,,N
7pH8mGye2ss,0:00,1:00,,N
V29BN4bDQww,0:00,1:00,,N
6J4CsGtpAZM,0:00,1:00,,N
RP7kj7l5oRo,0:00,1:00,,N
fjfczN5D124,0:11,1:00,,N
XEp8TCD6j7k,0:00,1:00,,N
-NeSZNP-qXQ,0:00,1:00,,N
PuF_QiSJ_nw,0:00,1:00,,N
OZpHwk2YNHE,0:00,1:00,,N
3eO1h3Er3Eo,0:00,1:00,,N
4uX1IkXzyKg,0:06,1:00,,N
2dmiyOy839A,0:00,1:00,,N
_Kxzy7Sf57Q,0:08,1:00,,N
TuWaRiGygUo,0:00,1:00,,N
IlM_teJC18Y,0:09,1:00,,N
NBkkxwV056M,0:00,1:00,,N
KH8yNehSTpI,1:28,1:00,,N
TYUkrq0kTnQ,0:00,1:00,,N
nPhESHyjlmg,0:09,1:00,,N
p9zLrA6euSY,0:14,1:00,,N
ZszoPwAt5Iw,1:04,1:00,,N
6nFrp08OThc,0:05,1:00,,N
9hniqvfbgkA,0:03,1:00,,N
dHF3CyOr2VY,0:00,1:00,,N
vDtZdWJ2pas,0:02,1:00,,N
PBw7_YHAKPY,0:10,1:00,,N
w75givGyduk,3:22,1:00,,N
GhCPgw0CIBM,0:00,1:00,,N
ykJq1oKL7Dg,0:05,1:00,,N
BSuBkvIDOAI,0:00,1:00,,N
gfJLVOr9WXM,2:40,1:00,,N
QqaX9CSLjHo,3:00,1:00,,N
_Iio05Sjqxs,6:56,1:00,,N
VpGniMOipuk,3:21,1:00,,N
fehagyXsF3c,1:03,1:00,,N
TZule42v5Xk,1:26,1:00,,N
9iRm3euuk0o,0:45,1:00,,N
qj3c2TpmsqQ,3:14,1:00,,N
N-tSZcViCJ8,1:30,1:00,,N
x88X1C9E1FU,5:18,1:00,,N
IE2yJjBGulM,0:00,1:00,,N
nTplOWRPH_o,0:00,1:00,,N
hoT5RZ74cvU,0:07,1:00,,N
K52_VtMfscs,6:43,1:00,,N
1F29Ms59j-g,5:42,1:00,,N
qZjZhG-cGjE,5:28,1:00,,N
mQM5dRKOWo4,0:08,1:00,,N
dQZbFupwrKs,0:05,1:00,,N
f18vNCq_qB8,4:00,1:00,,N
-7R9Z0OcWXQ,2:10,1:00,,N
KMvkUq1fUHM,2:25,1:00,,N
SSAhqgki_vk,2:00,1:00,,N
OA7lMKSE_Rk,1:56,1:00,,N
BADhqm1yLwM,3:22,1:00,,N
L_1UhlnpAt4,1:45,1:00,,N
jb1haz_0fYk,6:07,1:00,,N
_DN1blj0wjc,5:15,1:00,,N
pozedP1wNWc,0:10,1:00,,N
KZoD4L_dtP8,0:00,1:00,,N
q-t5VZxpdvI,0:00,1:00,,N
CMQPTWAOj34,0:00,1:00,,N
OlvxIVPcvQE,1:00,1:00,,N
8xQ96rtUF9M,5:30,1:00,,N
xt6KTmEBht4,1:47,1:00,,N
8PqTgDHHkSI,0:10,1:00,,N
ZoDlKfNjPQw,0:32,1:00,,N
LAI2rJF9m-w,1:52,1:00,,N
mVxaq7W2b3s,5:38,1:00,,N
PECuiNfKAHk,6:59,1:00,,N
cSBRb4KF5xs,2:48,1:00,,N
0e8Wm6XQDno,0:02,1:00,,N
jLzD3WlhpbY,0:02,1:00,,N
bzRL37WHhkw,6:52,1:00,,N
0GOhgTPi_Oo,0:00,1:00,,N
StTSzlI3JAw,7:18,1:00,,N
N0kEP7zXgx0,1:13,1:00,,N
T64NwWgfANQ,4:15,1:00,,N
ncxO27JupmI,5:55,1:00,,N
80sZczqhwVk,5:45,1:00,,N
B5o2f2y6v0I,0:00,1:00,,N
KHB0OJlJiIU,0:15,1:00,,N
ai6AFMV9S4Y,4:35,1:00,,N
_CfvTX_Q7mg,1:35,1:00,,N
DH5iV4FMeKY,0:06,1:00,,N
s6DCLN-QsE8,6:35,1:00,,N
EXm2sFCK85s,0:00,1:00,,N
4BEp9W7lT7Q,0:03,1:00,,N
MJZw0rwcJGc,5:42,1:00,,N
JflzErCLvDk,1:38,1:00,,N
B8nABklpp3k,0:01,1:00,,N
X0QX-06vco8,2:40,1:00,,N
QAZZzWEtTfg,4:30,1:00,,N
gilY7pCxvPQ,0:00,1:00,,N
_R35xSgVkK8,0:00,1:00,,N
Z7X5gp2Ax6A,3:43,1:00,,N
DzUoQ0kft_k,1:10,1:00,,N
_M7dnyhgU2w,1:00,1:00,,N
sR5NhO5-mlY,1:20,1:00,,N
0QXetjS5WRk,0:00,1:00,,N
tKkUZ2znk2Q,0:05,1:00,,N
LahSZ7mxQ_U,1:52,1:00,,N
d-lriD-60cg,0:03,1:00,,N
-of8aJUkwk8,0:00,1:00,,N
Dd9cS_j21xo,0:00,1:00,,N
FkgQkT1_Mr0,1:34,1:00,,N
V__V_NQo_OI,0:00,1:00,,N
tl6CMhuMTf4,1:00,1:00,,N
zESKro4LFPI,0:00,1:00,,N
Pf88vR3iz3Y,0:00,1:00,,N
oZivOBiJXEc,4:16,1:00,,N
kvBW8LBYCD4,0:00,1:00,,N
yU5kq-_ZI1w,4:07,1:00,,N
x74br6NglJE,2:13,1:00,,N
ScpaywXN0H4,2:17,1:00,,N
S9Trc8_rhSs,0:00,1:00,,N
bDumC6avPQY,6:15,1:00,,N
VVJJ75NdjeY,1:32,1:00,,N
2n7NsT_mI0I,0:06,1:00,,N
5uNC2HVbmNA,0:00,1:00,,N
6n4nCZb1ZcE,2:30,1:00,,N
M6PYKRO2LCA,0:00,1:00,,N
nJq8o814oY0,1:40,1:00,,N
GTHgc5fRUe0,0:00,1:00,,N
RLhVuJdtQZc,1:20,1:00,,N
PM8jlRfP8Eo,0:30,1:00,,N
LlsVZH2v8qs,2:14,1:00,,N
nkaLU2lO2dg,0:00,1:00,,N
ynY3Q1wRnYg,4:30,1:00,,N
Hc2XwH8Z2m0,0:05,1:00,,N
mprFCsDEoF0,6:42,1:00,,N
v5g5sxKIr-I,1:50,1:00,,N
iLKV2TESkl4,0:00,1:00,,N
JC8xCS9DGOI,0:03,1:00,,N
Qmv6M3KWmbs,0:03,1:00,,N
V6l957iyXwE,0:05,1:00,,N
I67KMOgO-Qc,4:02,1:00,,N
2F2dXbClTHE,0:20,1:00,,N
CQOVLXee3Wg,0:00,1:00,,N
tZDnjkqGtgk,0:00,1:00,,N
e7uDPN9nhn4,4:50,1:00,,N
xfr073fWnzk,3:10,1:00,,N
7yjJ3trupO8,0:00,1:00,,N
1YcaBZQ0pIk,2:53,1:00,,N
gzNn8hJNR0s,0:10,1:00,,N
VPGpEwfJTRU,5:48,1:00,,N
GF17gmXGhaw,0:00,1:00,,N
Rq4-PDtnyAk,1:54,1:00,,N
-62JrfVinXE,5:39,1:00,,N
RhMKJqCLT1M,0:03,1:00,,N
YnJD6d4YtxU,1:05,1:00,,N
mPxSkaERdUQ,0:02,1:00,,N
oCGTW621rig,0:00,1:00,,N
lHehKpLQ_-Q,0:06,1:00,,N
4k4OPvq8nng,0:01,1:00,,N
tco4QM6vytE,0:04,1:00,,N
5XQVz60W8mg,0:00,1:00,,N
_t_-Cun5xl4,0:05,1:00,,N
inJgcHFDDD0,1:26,1:00,,N
BV6-cqPHoqc,2:11,1:00,,N
jBiLSqqlX24,4:35,1:00,,N
1MHwBgCFrHQ,3:08,1:00,,N
SYaHPLh9ccc,1:35,1:00,,N
z98vm8xZdZk,0:00,1:00,,N
3TIU70SqHuU,0:10,1:00,,N
-RJayVh2Ibo,4:12,1:00,,N
L8GOKO4n230,0:00,1:00,,N
hq9x5udC4_8,0:03,1:00,,N
STDDK8XrWhw,1:46,1:00,,N
19pDla4nJEQ,4:08,1:00,,N
uDBv3FtINi0,3:10,1:00,,N
yyVtjTu9wgE,4:45,1:00,,N
4mq264NzsUk,5:22,1:00,,N
LCdDGuQPMiE,0:00,1:00,,N
m_MypgQ5mTo,0:05,1:00,,N
A0FbYE6ihUE,2:46,1:00,,N
OmHmobUOB1I,1:10,1:00,,N
elUil4sBc_U,0:03,1:00,,N
OVAoUrtAOEo,0:02,1:00,,N
MbgilB9jA6M,0:02,1:00,,N
kbB8AJy_xxc,0:05,1:00,,N
tSTSdzuvid8,3:17,1:00,,N
pBeYu42iyDc,1:10,1:00,,N
GqwOBzypcrw,0:00,1:00,,N
JJsKUeCclTQ,0:03,1:00,,N
jur3llJowA0,0:45,1:00,,N
5HB-oy0wQTw,0:00,1:00,,N
l4cXOeRgYx4,5:18,1:00,,N
FhGYNok4GsA,0:10,1:00,,N
ykCXCmkjTRs,2:48,1:00,,N
ttJWzzOgSA0,0:01,1:00,,N
PFu_3kGcVOM,2:10,1:00,,N
FTOqS2PZT5E,0:00,1:00,,N
Z1gWh29z3QE,0:05,1:00,,N
WQSTgRx_YQM,0:00,1:00,,N
_hipAoCl3vw,0:00,1:00,,N
sz_Jc--M8W8,0:00,1:00,,N
4kkoDZEuM5k,0:00,1:00,,N
EX78mJ9aGY0,3:43,1:00,,N
JpWX41ZXAfo,0:25,1:00,,N
XHmqGLB-KEw,0:03,1:00,,N
5RB8BBQds14,6:50,1:00,,N
FK1EpbxKb5k,0:03,1:00,,N
wZiTVSScggA,5:15,1:00,,N
lMAzNEymHVo,1:15,1:00,,N
Pcb0k493xa4,3:12,1:00,,N
RSko9BjrlTY,0:05,1:00,,N
ai3XR_nPrpI,0:05,1:00,,N
tOcOiTFQYp4,0:00,1:00,,N
gDzBxhtp9JA,0:02,1:00,,N
iJLmXNua5k8,0:00,1:00,,N
s2FBciv1MIg,0:00,1:00,,N
reDidGQNifs,0:00,1:00,,N
efhnQrKg2G0,0:00,1:00,,N
yEx3r8s6KGI,0:00,1:00,,N
4TCtQ0e4ht0,0:06,1:00,,N
ZKtIEcO12OY,0:35,1:00,,N
i0dgg8UJ1a8,0:00,1:00,,N
FNIKsf3kLRk,1:10,1:00,,Y
CQug0GkwtKs,0:00,1:00,,N
UVpAaG64rg4,0:10,1:00,,N
sbl_omg6BIs,0:00,1:00,,N
MtEdesdFWFo,0:00,1:00,,N
UC2s7YL00SU,0:00,1:00,,N
AQ0JFjt9Cpo,1:56,1:00,,N
v_r8dYt8K7o,0:00,1:00,,N
tF3kNEr1nFk,0:00,1:00,,N
L4Efrj40ACw,0:03,1:00,,N
J1qz5sF7mTg,0:12,1:00,,N
DhWRCkByJKE,0:00,1:00,,N
KDFIIC9eoFc,0:03,1:00,,N
BCfEC6kZ1KQ,0:00,1:00,,N
QtfkPp7qDcM,0:20,1:00,,N
HeECNC0pK5U,4:16,1:00,,N
74fgguSsDKc,0:00,1:00,,N
_9OL14TGyPY,0:00,1:00,,N
TdgrWcf6WbU,0:13,1:00,,N
rUysAJgWaJQ,0:45,1:00,,N
RAhtWMIh4vI,0:02,1:00,,N
GTdCaFqllUo,2:16,1:00,,N
RE5YHKLF7BI,4:46,1:00,,N
_rhc-0KfeqE,0:01,1:00,,N
SsoSxHiRsGw,0:00,1:00,,N
RvuVHr73vxA,0:10,1:00,,N
tj_CIdjyBNg,2:17,1:00,,N
2luMxeDcL1U,0:00,1:00,,N
6Hann4fpB9c,0:00,1:00,,N
Uf1VeNUxRqM,0:00,1:00,,N
Gkp8SL9wel8,0:00,1:00,,N
36asbfrlHZc,0:00,1:00,,N
NO62AzePxeU,0:04,1:00,,N
074jj8TBXms,0:01,1:00,,N
kzjOdVW0Fnk,2:12,1:00,,N
01VE3_jEv0Y,0:00,1:00,,N
EOpaO6dno9g,2:20,1:00,,N
4tENx7D37pQ,0:01,1:00,,N
Cfc0UqTvwjI,0:05,1:00,,N
6Sr87QBZDNI,4:42,1:00,,N
hBuRLgavMug,2:00,1:00,,N
jMcIpR-BezA,2:49,1:00,,N
NJ-DFWlEXKk,0:00,1:00,,N
TykormdgQCU,0:07,1:00,,N
2t-wNPg6_hw,0:00,1:00,,N
EbAAAZzfUNM,0:00,1:00,,N
A1uwNy4JO08,3:08,1:00,,N
b8oesEOoIC8,0:00,1:00,,N
am57X3pgbm0,0:00,1:00,,N
6TOcMG_0Tao,0:50,1:00,,N
u4ApiTNr57M,5:37,1:00,,N
S2y5YT626Wo,3:23,1:00,,N
b0jvg6-VJvU,0:00,1:00,,N
VIrKRaT3nUY,0:00,1:00,,N
jrB6ndJFJHA,0:04,1:00,,N
M9aoAkNHGow,1:20,1:00,,N
p2Mp8YV1ka4,0:22,1:00,,N
4-uqbqXRAWE,5:16,1:00,,N
-vqMuAdqkF8,0:00,1:00,,N
RwMCoS3-o6I,0:00,1:00,,N
DqROnuKaziQ,4:23,1:00,,N
S10Zr8bXxBI,0:02,1:00,,N
hNsDN1ZlFWU,4:47,1:00,,N
HjjEZQ-kwGY,1:30,1:00,,N
44MZBJK70bI,0:35,1:00,,N
SNHZquDP1as,0:07,1:00,,N
lSrUfAcPXI8,0:03,1:00,,N
0fbAno8CnXU,0:00,1:00,,N
ifJK-7KW1bg,4:45,1:00,,N
i35kEEPdfSE,0:02,1:00,,N
tc8TnPsULVM,0:00,1:00,,N
sxFcC1avtTQ,4:35,1:00,,N
-Wezn8z4Jm0,0:00,1:00,,N
DXB_ydONSEU,0:05,1:00,,N
Ul1hpCX9BA0,0:09,1:00,,N
-1vnMOhaArA,2:00,1:00,,N
NvFVPLnUFDo,0:00,1:00,,N
W-JYS1cpZQ4,3:10,1:00,,N
lc45H9J7L7U,0:00,1:00,,N
bsOk2r7XU9s,0:00,1:00,,N
pvQY_LlbWZE,0:00,1:00,,N
56Swsh9mPh0,0:00,1:00,,N
ZxxyQIgK7FA,5:20,1:00,,N
nx49hGLEL5U,0:00,1:00,,N
S6hGZr6Co1U,0:05,1:00,,N
NFT5EVhOnvE,0:02,1:00,,N
s-BAfXpdtNM,4:00,1:00,,N
tPbykGOiIF4,3:05,1:00,,N
hs_2EDGXqTI,0:00,1:00,,N
woMvkisAqvE,5:10,1:00,,N
GlV9KjTlWjs,5:22,1:00,,N
8oAH07Eswvg,0:00,1:00,,N
uxIEdIJKM-c,0:00,1:00,,N
_rdzruUHOTs,0:00,1:00,,N
e3fXeuNaQxA,0:00,1:00,,N
5t2m3wInees,0:00,1:00,,N
gSddRG3iRXo,0:00,1:00,,N
wqO8A51DH24,0:00,1:00,,N
W4ogaKXPckA,0:00,1:00,,N
CU9mIGfivLI,0:00,1:00,,N
-Q5jBIySO_o,0:00,1:00,,N
6Ud01UcvGOc,2:34,1:00,,N
qPnCCJCFZIo,0:00,1:00,,N
TkWNagXhvKU,0:00,1:00,,N
ObTbSTVamlQ,0:00,1:00,,N
myZ_A6ZJ05g,1:50,1:00,,N
IVo42JHSsvE,0:00,1:00,,N
faakDCZnq24,0:00,1:00,,N
rDaFenSo8PM,2:20,1:00,,N
yRFxSEKrlQs,0:25,1:00,,N
xs6RwTyKCmM,0:15,1:00,,N
C8KZJKQ6Tk0,0:00,1:00,,N
FHotRFcdc10,0:00,1:00,,N
92K4700mF-U,0:00,1:00,,N
ju7COMmwHLs,0:00,1:00,,N
JROeS_tfzEg,0:30,1:00,,N
JySUduaPDRQ,0:00,1:00,,N
atXfa7UHp8E,0:00,1:00,,N
FEJ0t1y4XEA,0:00,1:00,,N
VKUtHnxb2g4,0:00,1:00,,N
-HJgzp2Xo3c,0:00,1:00,,N
jvCO8YcEAzo,0:00,1:00,,N
NyzBWeY6yuI,0:00,1:00,,N
HWOcJNs-5qE,0:00,1:00,,N
BKYdHIolUmQ,0:00,1:00,,N
Cq6QDRVoFtw,0:06,1:00,,N
73XGIzF44yA,0:10,1:00,,N
QvkvR6VIXP8,0:08,1:00,,N
BkIXn8UusYw,0:00,1:00,,N
E4C3AppQyyQ,0:00,1:00,,N
z2k0pm9Acac,0:40,1:00,,N
rwFrIMBcXZA,1:00,1:00,,N
G3NMUXC3wGg,0:00,1:00,,N
AXxlfUylk6o,4:07,1:00,,N
FsmVCxMSpTk,0:00,1:00,,N
7k3z8N6CL3w,0:05,1:00,,N
RdeNOOL6YV0,0:05,1:00,,N
Ml9UzJ-D-d8,2:35,1:00,,N
yruzp93iw44,1:14,1:00,,N
bm7wNn8GrpA,0:00,1:00,,N
8lwNYd5jyqw,1:04,1:00,,N
qDaDd3ECtMw,0:05,1:00,,N
xsG2vmE2HCk,2:01,1:00,,N
pCebrF4ebJU,0:08,1:00,,N
Y9Ln1Vo6IFM,2:26,1:00,,N
Vq7296N4_qU,0:00,1:00,,N
tBP74Ubh014,0:00,1:00,,N
4cubfSBFgkE,0:00,1:00,,N
lFdRYyBCUG4,0:13,1:00,,N
xjl4dHsfM78,3:53,1:00,,N
2d_IT7MCXJk,4:40,1:00,,N
fJcwOXetpm0,0:00,1:00,,N
Wkd9V8vNatQ,1:27,1:00,,N
i7GbgAP1AI8,0:00,1:00,,N
tdkmJdQZDGw,0:00,1:00,,N
Smj57ZmGMGA,0:00,1:00,,N
DOY8znyvNj4,0:00,1:00,,N
RAaPiJMC6IQ,0:10,1:00,,N
xpXlgYU2c4I,0:00,1:00,,N
GAcpXX8VO3c,0:00,1:00,,N
SW24N9h2xK8,0:00,1:00,,N
xyH0ox43alo,0:00,1:00,,N
H5XLY76TDFg,0:00,1:00,,N
eLgWa944ewI,0:20,1:00,,N
rNaVOhPR6nw,1:01,1:00,,N
CgwGUiL7IbE,0:10,1:00,,N
M_PPLWl1x2U,0:58,1:00,,N
eo3Ix3u2Di0,0:55,1:00,,N
xCIlhU0GRMY,0:00,1:00,,N
skblmxuHgJM,0:12,1:00,,N
xfNg3ls5ZUQ,5:00,1:00,,N
MeKCnw2yT5I,0:00,1:00,,N
CnZzi9R9D_c,0:00,1:00,,N
by7p3TS1JQI,0:00,1:00,,N
SgkRGZXWg2w,0:00,1:00,,N
EfjirPEobOs,0:08,1:00,,N
LlxIgxauCdA,0:00,1:00,,N
gR9aNhg3PGw,0:00,1:00,,N
2l5_2zOokBw,0:10,1:00,,N
O26JN1K9K2A,0:00,1:00,,N
mJjxXG5GkzY,0:00,1:00,,N
VaDicz0N_b8,0:00,1:00,,N
BD1OeIhO4Ls,0:00,1:00,,N
YodlmxYhWhg,3:18,1:00,,N
0LrxVNwO1xI,0:00,1:00,,N
Ce9li5V3mq0,0:00,1:00,,N
CSHEX0rK3h4,0:06,1:00,,N
cIPdYpOw_x8,0:00,1:00,,N
Gn_g3C1eiEQ,0:30,1:00,,N
PvgzYmDCdh0,0:00,1:00,,N
51H2Fi_fJzg,0:10,1:00,,N
H2T8Nkt5w0U,0:30,1:00,,N
DurNiRFb4TE,0:00,1:00,,N
FYSVmXiNWQo,0:10,1:00,,N
o3O0XSXeEHc,4:49,1:00,,N
GQaw_uDmXWw,3:01,1:00,,N
wDP0BbkflIE,4:14,1:00,,N
ySkKjb5menA,0:00,1:00,,N
0wiZ212noU8,0:12,1:00,,N
r3DEO9JB6wk,4:45,1:00,,N
9jw3WWUVRJ4,2:27,1:00,,N
TxzQ5LOTsi0,0:00,1:00,,N
v5G4px5IwSU,0:00,1:00,,N
6wdnXN8iCDI,0:00,1:00,,N
emGcQ3ZggpY,0:00,1:00,,N
Rv9AIAvSa4Q,0:00,1:00,,N
Q7dQECkvdOA,2:16,1:00,,N
Spa6lEa70sk,0:00,1:00,,N
lQfI30DmGf8,1:34,1:00,,N
o8sTl_0aPOc,0:00,1:00,,N
RAqSLbFzHRs,6:29,1:00,,N
dTvhdtEDtgI,4:23,1:00,,N
HPLu6cKDykk,4:48,1:00,,N
mZcbafX5DU4,0:00,1:00,,N
ojsUev5RaLc,0:00,1:00,,N
xzXmRNUZWck,0:00,1:00,,N
O6d7oZzShVU,0:00,1:00,,N
2BUsVe5_ZSI,0:00,1:00,,N
UQNcqHLTxjA,0:00,1:00,,N
Fnq9wto5mKI,3:20,1:00,,N
FWeOrSsL4PY,0:00,1:00,,N
EbKY2w711Kc,0:00,1:00,,N
GxGs0CFClko,0:00,1:00,,N
bMTzACv31Lg,0:17,1:00,,N
ShTHKVfxCD0,0:00,1:00,,N
Y4npmpRnkRA,0:00,1:00,,N
NXXkLg9MHiI,0:00,1:00,,N
ORzl9SDjRKI,0:00,1:00,,N
lwdzCM5sxeQ,0:00,1:00,,N
PuOWVZ6DBQY,0:00,1:00,,N
holdm2GXecc,0:00,1:00,,N
nxqLUKLXEok,0:00,1:00,,N
VLtRHA_ynW8,0:00,1:00,,N
eeBAGJiskfY,0:00,1:00,,N
x6lfg7i6XEI,0:00,1:00,,N
Oj60xbERtRU,0:00,1:00,,N
jthPNTg5vvs,1:40,1:00,,N
daGasbgZbgo,0:14,1:00,,N
xsdZxyJ0Sxw,0:00,1:00,,N
jftYoH1r698,6:39,1:00,,N
AI07yKLcf7c,5:20,1:00,,N
kHfwubcIyOY,0:00,1:00,,N
Tamy0IANqKk,0:00,1:00,,N
rNUqLcVNjU4,0:00,1:00,,N
5Z_RHACCCjk,0:00,1:00,,N
jLwEk3_Ls1U,0:03,1:00,,N
mjkotik3Ee8,0:00,1:00,,N
JbqOplWlTcc,0:10,1:00,,N
XA60RM8Hq4I,0:00,1:00,,N
dBtKuRzdkbY,0:00,1:00,,N
jIzytubnMvk,6:48,1:00,,N
8D2jyS4rbKA,0:00,1:00,,N
yJ7tIheB_m4,0:22,1:00,,N
8AYlkOqXmSg,0:00,1:00,,N
ivYfNOUA9gs,0:00,1:00,,N
2cnvhmoTTrA,0:08,1:00,,N
Z0Q7Bv8cMp8,0:00,1:00,,N
vFINhw7JIUQ,1:11,1:00,,N
ARlFdbst3Vk,2:49,1:00,,N
hl7wbUfACUs,0:00,1:00,,N
lEhRhH9F6I8,1:00,1:00,,N
eNgMqmoNzmk,0:00,1:00,,N
jVggszSNqJ8,0:00,1:00,,N
2gipiY9TjZo,5:35,1:00,,N
kMfZQZ7kGyM,2:56,1:00,,N
_1SOk_2zmWE,0:00,1:00,,N
kt3ppFLE-y8,0:10,1:00,,N
r2n19HkFPbU,0:15,1:00,,N
jBVdJSONRQ8,0:20,1:00,,N
AMruJhmmquI,0:50,1:00,,N
cXGN39762m8,0:40,1:00,,N
qEn26h4t2IA,0:00,1:00,,N
AIYfdmkTzsY,0:00,1:00,,N
mq4Vu5ud4jo,0:13,1:00,,N
NbUy_DCHLPE,0:05,1:00,,N
ZP9yttnawas,0:05,1:00,,N
8dMAGd8UMHE,0:00,1:00,,N
xoIP-G4SITI,0:00,1:00,,N
MAn1aqOsvfM,0:00,1:00,,N
l7YNrDV28XI,0:20,1:00,,N
2eqYkcw7uTM,0:20,1:00,,N
aRtBIajUO1Y,0:30,1:00,,N
LOW9LfWXhLU,0:20,1:00,,N
uNN2wT0ywqY,0:10,1:00,,N
H_2IwfN_STU,0:00,1:00,,N
mfCVg-O-AHQ,0:10,1:00,,N
nYysBtTd-rU,0:20,1:00,,N
1pE0ve01Ld8,0:00,1:00,,N
7O1rQQnfCt8,0:00,1:00,,N
xUSix6v5T14,0:30,1:00,,N
jcL4QPD4Ne8,1:35,1:00,,N
VV_6d8Vq0Dw,0:00,1:00,,N
MmFuwuGNUPE,0:10,1:00,,N
qg2PERmCCFs,0:12,1:00,,N
ls-2KyxIVqE,0:15,1:00,,N
Izn2Q08Io3s,0:00,1:00,,N
zBwzzfoL1gQ,0:15,1:00,,N
5cEdI1xE3C4,0:00,1:00,,N
INnfDN_HLIU,0:07,1:00,,N
2r-TBqWiVKA,0:00,1:00,,N
B9ymnqTELik,0:00,1:00,,N
AvizGOKIAgE,0:00,1:00,,N
AkJtfkOxSQg,0:10,1:00,,N
CIM3emcxILk,0:00,1:00,,N
ZH77JG_3JE4,0:00,1:00,,N
kxiuOVIBpVg,0:00,1:00,,N
-f7FEpt567k,0:00,1:00,,N
8tV8QC4qiL8,0:00,1:00,,N
jVDq22PHn3o,2:32,1:00,,N
8uLDR4Pi7vw,1:00,1:00,,N
ygswBbEOKCw,0:00,1:00,,N
8GYM33MbPGU,0:00,1:00,,N
yurK5YVe0V8,0:30,1:00,,N
cAZyfROEpwg,1:00,1:00,,N
puJDy85caws,0:16,1:00,,N
zuSWPYdVhAs,2:20,1:00,,N
CNAR2ftlouw,0:00,1:00,,N
51motjkSIKg,0:00,1:00,,N
53PfHNNoHjg,0:15,1:00,,N
1vOQ2wSt25o,0:20,1:00,,N
l0y9UbozDK0,0:00,1:00,,N
fUwaHzOnhJw,0:30,1:00,,N
ePqpnf4VTVE,0:25,1:00,,N
Tl81EYjLsyA,1:00,1:00,,N
lZawn8SZagY,0:20,1:00,,N
gpsGuSb64oU,0:00,1:00,,N
u29_EXLySmI,0:00,1:00,,N
ux-NRnwUIDY,0:25,1:00,,N
5tR_2KbvD5k,0:30,1:00,,N
uIf77r0nyqc,0:00,1:00,,N
_jClTVEXUT8,0:00,1:00,,N
GfKdtxG6wGg,0:15,1:00,,N
C99ND2xgz0E,0:00,1:00,,N
PLXVPKCrr_0,0:00,1:00,,N
QkZVZB9N46w,0:00,1:00,,N
_0CQfDw5nu0,0:00,1:00,,Y
_GBd-M5tUss,0:00,1:00,,Y
--sEnKfc_8g,0:00,1:00,,Y
-FIT1adShpY,0:19,1:00,,Y
-hNci03mKAE,0:00,1:00,,Y
-jmvVc9D3PI,0:00,1:00,,Y
-NM5sI5YbQo,0:00,1:00,,Y
-PbwOVnJAlI,0:00,1:00,,Y
0L7nP_R4rnM,0:00,1:00,,Y
0l87HPj_0vk,0:00,1:00,,Y
0n0pdYohRkg,0:00,1:00,,Y
0nYltlo90Zc,0:00,0:54,,Y
2eFc3Qn7jQ4,0:00,1:00,,Y
2EH-ZAFfr4U,0:00,1:00,,Y
2H-8fYm44eg,0:00,1:00,,Y
2keZjbn4C6k,0:00,1:00,,Y
2mckLH6ZBHk,0:00,1:00,,N
2mT4m7lj2iQ,0:00,1:00,,Y
2X3yCj_iJz4,0:00,1:00,,Y
3FWUcw2NQVk,0:00,1:00,,Y
4tyf6SAni8s,0:00,1:00,,Y
5x9QTkvdfSc,0:00,1:00,,Y
6aO_Zl85u60,0:00,1:00,,Y
6cjIJVzP6eI,1:13,1:00,,Y
6cjIJVzP6eI,6:54,1:00,_#02,Y
6cjIJVzP6eI,7:05,1:00,_#03,Y
6cjIJVzP6eI,1:45,1:00,_#04,Y
6cjIJVzP6eI,1:57,1:00,_#05,Y
6fMEaj7kkDA,0:00,1:00,,N
6mremIxtyxk,0:00,1:00,,Y
6PNvMuBx0nI,0:00,1:00,,Y
7TGbRn82a18,0:00,1:00,,Y
8_r_mlvEfRA,0:00,1:00,,Y
8CbfF3pDThM,0:30,1:00,,Y
8CKZYBfD5f4,0:00,1:00,,Y
8QEu37v0Q4c,0:00,1:00,,Y
9AdT0poAkq4,0:40,1:00,,Y
9KLQqcYMVuo,0:00,1:00,,Y
35ArIAM23RQ,0:00,1:00,,Y
45AyaFhOIm4,0:00,1:00,,Y
47NPOkNqANQ,0:00,1:00,,Y
aBe4G3x2sKY,0:00,1:00,,Y
adsTqnyhN8E,0:00,1:00,,Y
amNF_F6oeRU,0:00,1:00,,Y
amNF_F6oeRU,0:53,1:00,_#02,Y
aO28ydwx-h0,0:00,1:00,,Y
auqDehy-yPs,0:00,1:00,,Y
aVLh7UEBkFo,0:00,1:00,,Y
aVYYZuMg5xc,0:04,1:00,,Y
b6vbE0DqX50,0:00,1:00,,Y
b8dWoxNPf2E,0:00,1:00,,Y
b23dCPE6AFA,0:23,1:00,,Y
Baz-4i7soZ0,0:00,1:00,,Y
Bbppi99SlbU,0:00,1:00,,Y
Bd6hBq-5Fxo,0:00,1:00,,Y
BE4xRivpyWg,0:00,1:00,,N
BgdIrlg7x_Y,0:00,1:00,,Y
BhnEF4Xlfqg,0:00,1:00,,Y
bsBmzncNZOA,0:00,1:00,,Y
BywnzKojQvU,0:00,1:00,,Y
C05tzZ-XPzY,0:00,1:00,,Y
c5GhpYAgf9g,0:00,1:00,,Y
cQBNj81l04o,0:00,1:00,,Y
CqEuxWFM_ws,0:00,1:00,,N
czKtRt660wc,0:00,1:00,,Y
dEqVNwdFbJk,0:00,1:00,,Y
DGBPp2MLyJI,0:00,1:00,,Y
dl94UOzfGrk,0:00,1:00,,Y
dRCAL4qVmj8,0:00,1:00,,Y
dUtJcPHOVWw,0:00,1:00,,Y
ebpBkcUdWLw,0:00,1:00,,Y
eGmXU1Tpc-M,0:00,1:00,,Y
eOVMD6fjDCo,0:00,1:00,,Y
ER63zMqu6Y0,0:00,1:00,,Y
es_3F3TLJS0,0:00,1:00,,Y
eTXP6BkCJZI,0:00,1:00,,Y
EWDtbGlsG5Q,0:00,1:00,,Y
ExoIoBeNHlY,0:00,1:00,,Y
f19jh3N73DI,0:00,1:00,,Y
fHIJao9lfMI,0:00,1:00,,Y
FK6I54R4wtA,0:00,1:00,,Y
frHxrhFdE0Y,0:00,1:00,,N
g9Z9AgTkEew,0:00,1:00,,Y
GM6nVpRtUio,0:00,1:00,,Y
GTtsmXqLRso,0:00,1:00,,Y
gVuC0bypyhw,0:00,1:00,,Y
gw7poB4hHG0,0:00,1:00,,Y
H3jHr5XTz4g,0:00,1:00,,Y
Jq0r7FQXx3Q,0:00,1:00,,Y
jQxvt010uSg,0:00,1:00,,Y
JzJXpKi9lWM,0:00,1:00,,Y
k47aw12cOvg,0:00,1:00,,Y
KA8a5qibUJU,0:00,1:00,,Y
KjLYjf4B7xQ,19:28,1:00,,Y
kKE3YERGWGI,0:00,1:00,,Y
kPmz6HGir48,0:00,1:00,,Y
kWXLCyfpPFo,0:00,1:00,,Y
kZs65ITJOxQ,0:00,1:00,,Y
l5IoyKyFbco,0:00,1:00,,Y
l9w43Zpm12A,0:00,0:26,,Y
lHOQt3RvIlY,0:00,0:46,,Y
M6c-vmaShvc,0:00,1:00,,Y
m7U8bdz2QpQ,0:00,1:00,,Y
m94PnLPUJj8,0:00,1:00,,Y
MbG6CQRz-hk,0:00,1:00,,Y
mgHKO9wvwrU,0:00,1:00,,Y
mH0ksSkYad8,5:29,1:00,,Y
mHrMcPS5y6E,0:00,1:00,,Y
MhU4XCQMBnI,0:00,1:00,,Y
mjMGH2bIVwU,0:00,1:00,,Y
MONDIK1KMbg,0:00,1:00,,Y
mRLCD9FG1NQ,0:00,1:00,,Y
mYBAMi8gsks,0:00,1:00,,Y
n4G1GW3eSLM,0:00,1:00,,Y
nBoaE36LXNE,0:00,1:00,,N
npk6L0NX3ko,0:00,1:00,,Y
NTXiPi2ej8I,0:00,1:00,,N
NWCnLv--mAM,0:00,1:00,,N
NZBf9kIhuLI,0:00,1:00,,Y
O0OSM9iFEo0,0:00,1:00,,Y
O4u8n_CjUDY,0:00,1:00,,Y
O4Z09M6AMW8,0:00,1:00,,Y
ofI_6WmeRus,0:00,1:00,,Y
OJLmGGQ51Lg,0:00,1:00,,Y
oqZ01yEtC_c,0:00,1:00,,Y
OVb2xbnIhc8,0:00,1:00,,Y
PFWDkv_xIGY,0:00,1:00,,Y
PIQE9dZDeKA,0:00,1:00,,Y
pPu9Wzkyf7E,0:00,1:00,,Y
pQ4j0e__nPc,0:00,1:00,,Y
pSK0IXDgsKE,0:00,1:00,,Y
q3bT1bRSVm4,0:00,1:00,,Y
q3HW3TswYM8,0:00,1:00,,Y
qaATAPRIOeY,0:00,1:00,,Y
QHIgadCQbD0,0:00,1:00,,Y
qpcN9d7cu10,0:00,1:00,,Y
QPtEIt4uzVA,0:00,1:00,,Y
qR97Z-FXPjc,0:00,1:00,,Y
R1lV0qfrjDA,0:00,1:00,,Y
r4Fh7k8lhSM,0:00,1:00,,Y
ReD_aUig-ck,0:00,1:00,,Y
Rkzu6tNyQJs,0:00,1:00,,Y
SbTDrT9yRqg,0:00,1:00,,N
Sd01KgPsDLY,0:00,1:00,,N
sQzlm3xbouk,0:00,1:00,,Y
t4NFrPsd_kM,0:58,1:00,,Y
tAYHUYhqdsE,0:00,1:00,,Y
TbF4kME1ppw,0:00,1:00,,Y
tFMhQXvE8b0,0:00,1:00,,Y
TG8bZ6E1PjE,0:00,1:00,,Y
tgPQC3TkhcE,0:00,1:00,,Y
TXHB9wL4WFg,0:00,1:00,,Y
u9BO1Ly9DmQ,0:00,1:00,,N
u9yiswwScL4,0:00,1:00,,Y
u648CACLHhE,0:00,1:00,,Y
UFAwOEREX0E,0:00,1:00,,Y
UpF64xyNPrQ,0:00,1:00,,Y
usle4l8V3-E,0:00,1:00,,Y
uT3SBzmDxGk,0:00,1:00,,Y
uTNPOlvRWO0,0:00,1:00,,Y
vA9ZCPY2zOw,0:00,1:00,,Y
VabhcbtK2Cg,0:00,1:00,,Y
vbgS7psR04k,0:00,1:00,,Y
vCqgjiJ03o4,0:00,1:00,,Y
vI5GXGdZPKc,0:16,1:00,,Y
VMF8w0szWpc,0:00,1:00,,Y
vXGWFaazkAY,0:00,1:00,,Y
VY457t-bneY,0:00,1:00,,Y
w32yeRX8g9c,0:00,1:00,,Y
WIWgPvzovvY,0:00,1:00,,Y
wwj8mTiZi8o,0:50,1:00,,Y
X1PX_bKkNro,0:00,1:00,,Y
XLH47I9b0a0,0:00,1:00,,Y
XRXys1vQzvI,0:00,1:00,,Y
Xu5TlSXEzzs,0:00,1:00,,Y
XUuycW7O99E,0:00,1:00,,Y
XZGi-1TFF34,0:00,1:00,,Y
Y4r73lJEoV8,0:00,1:00,,Y
Y5sg5DljeRU,0:00,1:00,,Y
y8hUO7wHOvU,0:00,1:00,,Y
yN1SVVymtF0,0:00,1:00,,Y
yvlwDUCMBzY,0:04,1:00,,Y
z8oZxEH4GG0,0:00,1:00,,Y
Zb_UJED6e68,0:00,1:00,,Y
zbyWf692Kig,0:00,1:00,,Y
Zd37zn9Ijfk,9:05,1:00,,Y
ZFk78Wm0k30,0:00,1:00,,Y
ZjRRIS9j1lw,0:00,1:00,,Y
zm2VQb5KHpk,0:00,1:00,,Y
zUHxeDLXVuM,0:18,1:00,,Y
HSeByqNbYYc,0:00,1:00,,Y
HjYRklBOla0,0:00,1:00,,Y
I-RzYX0sAp8,0:00,1:00,,Y
IqUO22rxryg,0:00,1:00,,Y
J3zU_1XmQX8,0:00,1:00,,N
J7gWjirmUlc,0:00,1:00,,Y
JmC7Lrw8RAA,0:00,1:00,,Y
iAyN7IChySE,0:00,1:00,,Y
ic0KvIIrR2A,0:00,1:00,,Y
ifHRDBx-ctw,0:00,1:00,,N
iveNvQ4jCis,0:00,1:00,,Y
j3k08NMF2FI,0:00,1:00,,Y
